geoid,os_1990_total,os_1990_cem,os_1990_rec,os_1990_cons,os_1990_priv,os_1990_trail,os_1990_water,os_1990_other,os_2001_total,os_2001_cem,os_2001_rec,os_2001_cons,os_2001_priv,os_2001_trail,os_2001_water,os_2001_other,os_2005_total,os_2005_cem,os_2005_rec,os_2005_cons,os_2005_priv,os_2005_trail,os_2005_water,os_2005_other,os_2010_total,os_2010_cem,os_2010_rec,os_2010_cons,os_2010_priv,os_2010_trail,os_2010_water,os_2010_other,os_2013_total,os_2013_cem,os_2013_rec,os_2013_cons,os_2013_priv,os_2013_trail,os_2013_water,os_2013_other,id
46320,0.00264881,,0.00139813,0.00114023,,,2.439e-05,8.606e-05,tbi,tbi,tbi,tbi,tbi,tbi,tbi,tbi,0.00185704,,,0.00176976,,,,8.728e-05,0.0040959,,,0.00393753,,,,0.00015837,0.00418437,,,0.00393751,,,0.00022713,1.973e-05,3
60004,1.16434,0.30436834,0.38055411,0.00266497,0.1867322,,0.05468139,0.23534212,tbi,tbi,tbi,tbi,tbi,tbi,tbi,tbi,1.29837,0.31308109,0.49369409,,0.25016909,0.00748366,0.11646188,0.1174785,1.12168,0.31093468,0.53785655,0.00116144,0.25709028,,0.00985435,0.00478008,1.12513,0.31093486,0.5362951,0.004578,0.25758879,,0.00935589,0.00638024,4
60005,0.563011,,0.20864215,,0.15070849,,0.04823216,0.15542825,tbi,tbi,tbi,tbi,tbi,tbi,tbi,tbi,0.496111,,0.22360259,,0.14698627,,0.04462064,0.08090193,0.37738,,0.20928091,3.819e-05,0.14949083,,0.00010284,0.01846704,0.379946,,0.21179883,3.819e-05,0.15047969,,,0.01762975,5
60007,2.92372,0.00932369,0.28807245,1.1436257,0.18483848,,0.53131989,0.76653786,tbi,tbi,tbi,tbi,tbi,tbi,tbi,tbi,2.8662,0.00399444,0.45884272,1.15400995,0.20296716,0.04084658,0.56279536,0.44274147,2.09209,0.00128713,0.37783569,1.40402697,0.18288609,,0.00346274,0.12258905,2.10478,0.00128713,0.37783583,1.40613629,0.18288634,,0.01291094,0.12372027,6
60008,0.349611,,0.13426466,0.00573183,,,0.05934426,0.1502707,tbi,tbi,tbi,tbi,tbi,tbi,tbi,tbi,0.285366,,0.21776299,0.00565601,,,0.02946199,0.03248517,0.182951,0.000244,0.15695281,0.00072194,2.521e-05,,0.00879292,0.01621439,0.17709,0.000244,0.15695753,0.00072204,2.521e-05,,0.00622781,0.01291386,7
60010,26.3911,0.10893766,0.17127107,12.69820194,1.37723547,,7.09434329,4.94109476,tbi,tbi,tbi,tbi,tbi,tbi,tbi,tbi,29.2236,0.0706534,0.35770202,14.48026276,1.73185296,,6.00801206,6.57507203,18.7583,0.0663409,0.66142877,15.41136862,1.56431075,0.06035354,0.53310108,0.46138806,18.853,0.06633714,0.71399471,15.5036586,1.56556124,0.06035353,0.48276352,0.46029886,8
60015,3.14946,0.01591067,0.13025219,1.05338974,0.90297686,,0.18572216,0.86120908,tbi,tbi,tbi,tbi,tbi,tbi,tbi,tbi,2.92697,0.00194867,0.21924319,1.26550011,0.74790337,,0.20183366,0.49054545,2.39257,0.00135321,0.24407441,1.30000808,0.71735484,,0.02353697,0.10624476,2.38992,0.00135321,0.24398549,1.30356046,0.71790668,,0.0234225,0.09969439,9
60016,2.4989,0.601096,0.36952485,1.0652729,,,0.28284112,0.18016217,tbi,tbi,tbi,tbi,tbi,tbi,tbi,tbi,2.44007,0.64054073,0.29817379,0.90588704,0.14151134,0.03029704,0.27828465,0.14537053,2.08922,0.63881539,0.23626386,0.91521313,0.18990175,,0.07322545,0.03579965,2.09408,0.6388122,0.23644069,0.93226469,0.18990173,,0.073989,0.02266749,10
60018,2.26916,,0.18474733,0.72458448,0.03672633,,0.39443549,0.92866199,tbi,tbi,tbi,tbi,tbi,tbi,tbi,tbi,1.6407,,0.20800531,0.73913515,0.04494016,,0.35058944,0.29803199,1.30817,,0.19094187,0.81291292,0.11384466,,0.09659186,0.09388004,1.28891,,0.19165366,0.81455027,0.11384467,,0.10497205,0.06389379,11
60022,2.01798,,0.23075974,0.6161871,0.62967443,,0.50711301,0.03424401,tbi,tbi,tbi,tbi,tbi,tbi,tbi,tbi,2.47536,,0.31766719,0.68169646,0.62745829,,0.84853757,,1.83209,,0.38894712,0.83610631,0.58705846,0.00936537,0.0014457,0.00916935,1.8422,,0.39047286,0.83610745,0.58847152,0.00936011,0.00855438,0.00923183,12
60025,3.09817,0.00569574,0.26332201,1.50623289,0.50034937,,0.2156375,0.60693676,tbi,tbi,tbi,tbi,tbi,tbi,tbi,tbi,3.09553,0.00570438,0.42209994,1.6013402,0.49982604,,0.12131743,0.44524212,2.90126,0.0040749,0.46986422,1.84904428,0.5394496,0.0001118,0.02311628,0.01559998,2.89895,0.00407584,0.47477613,1.85985302,0.53952885,0.0001118,0.01196834,0.00863398,13
60026,0.474032,0.06543577,0.03852817,,0.18968936,,0.07304154,0.10733698,tbi,tbi,tbi,tbi,tbi,tbi,tbi,tbi,0.890676,0.06782044,0.18507012,0.06855522,0.35030396,,0.1100566,0.1088701,0.648157,0.06488155,0.0796072,0.05185115,0.34490217,,,0.10691467,0.611625,0.06488152,0.08025165,0.05737419,0.34490233,,,0.06421572,14
60029,0.691006,,0.00608698,0.39290342,0.29201561,,,,tbi,tbi,tbi,tbi,tbi,tbi,tbi,tbi,0.695381,0.00166191,0.01077602,0.39229997,0.29064308,,,,0.684336,0.00156208,0.00486067,0.39125873,0.28565737,,0.00099679,,0.684336,0.00156208,0.00486066,0.3912585,0.28665436,,,,15
60035,5.49076,0.01906522,0.55436081,0.07561908,1.53320787,0.05434381,2.64425314,0.60990959,tbi,tbi,tbi,tbi,tbi,tbi,tbi,tbi,4.81316,0.01657062,0.56291956,0.70987816,1.50092891,0.07192639,1.73184865,0.21908609,2.85424,0.03787761,0.52681578,0.69788635,1.49221307,0.04252989,0.0143012,0.04261806,2.90069,0.03787761,0.52295777,0.73763403,1.4923994,0.06207017,0.02053505,0.02721988,16
60040,0.0163465,,0.00522246,,0.01112409,,,,tbi,tbi,tbi,tbi,tbi,tbi,tbi,tbi,0.0361193,,0.02667502,0.00082175,0.00862256,,,,0.032161,,0.00807171,0.01141049,0.0087563,,,0.00392253,0.038199,,0.0080717,0.01141051,0.00875653,,,0.00996028,17
60043,0.00607021,,0.00576954,,0.00018807,,0.0001126,,tbi,tbi,tbi,tbi,tbi,tbi,tbi,tbi,0.0159301,,0.01562618,,0.00016083,,0.0001431,,0.0238793,,0.01989015,,,0.00101242,,0.00297672,0.0243103,,0.01989512,,,0.00101241,0.00042606,0.00297675,18
60044,3.65935,0.00048071,0.05711357,0.05128264,0.62946684,,1.72473157,1.19627918,tbi,tbi,tbi,tbi,tbi,tbi,tbi,tbi,2.8285,0.00160225,0.07130721,0.33050226,0.639746,0.03383922,1.00095436,0.75055052,1.33219,0.00013578,0.08489255,0.26944904,0.59924715,0.10178968,0.00358348,0.27309209,1.35361,0.00444909,0.08490409,0.2788253,0.6081467,0.10455427,0.00370595,0.26902176,19
60045,6.74927,0.05557708,0.33728444,0.71538798,0.69265302,0.01039303,2.22735294,2.71062551,tbi,tbi,tbi,tbi,tbi,tbi,tbi,tbi,6.86153,0.05640442,0.36273178,2.17464974,1.1194999,0.0768275,1.33141022,1.74000771,4.28191,0.04862483,0.42853987,2.02638647,1.02049152,0.05147326,0.0523447,0.6540486,4.10871,0.04862487,0.4289286,2.06159974,1.02156979,0.05120538,0.02733189,0.46944721,20
60047,8.17424,0.01319902,0.20614101,0.43737917,1.03554964,0.03460898,3.44364057,3.00371746,tbi,tbi,tbi,tbi,tbi,tbi,tbi,tbi,10.1527,0.00953524,0.51462517,1.69868392,1.53183221,,3.14088353,3.25712929,5.23291,0.00837444,0.60114337,1.98602716,1.72333707,0.01215707,0.40397099,0.49789722,5.05122,0.008783,0.60716289,2.0008592,1.72814378,0.01239847,0.38120662,0.31266445,21
60048,8.47755,0.27012976,0.49148081,2.52191288,0.53235021,0.03023552,1.8858283,2.74560906,tbi,tbi,tbi,tbi,tbi,tbi,tbi,tbi,11.2355,0.22058628,0.61204632,5.79163171,0.97519833,0.0321454,1.60008211,2.00381291,7.63707,0.37875042,0.48426805,4.79490106,1.06390068,0.10026973,0.14340743,0.67157668,7.81117,0.37901483,0.50169727,4.94649149,1.06390168,0.1002705,0.14639372,0.67340342,22
60053,1.18668,0.00247299,0.11712722,0.78054696,0.25770099,,,0.02883641,tbi,tbi,tbi,tbi,tbi,tbi,tbi,tbi,1.17609,0.00150734,0.1097399,0.77815862,0.25662263,,,0.03005737,1.10489,0.00136655,0.0915885,0.66435646,0.31729788,,0.02509235,0.00519066,1.10781,0.00136655,0.09158851,0.6813704,0.32487119,,0.00019359,0.00841767,23
60056,1.37329,0.00329986,0.42649762,0.27275058,0.35574547,,0.04951963,0.26547455,tbi,tbi,tbi,tbi,tbi,tbi,tbi,tbi,1.39714,0.0094443,0.475859,0.27572152,0.34675562,0.06801201,0.05935727,0.16198699,1.1317,0.00313074,0.46684993,0.30188276,0.33923238,,0.00251098,0.01809047,1.13755,0.00313074,0.46808811,0.30188273,0.33938999,,0.00734573,0.01771512,24
60060,6.67944,0.01056936,0.28122956,0.90439718,0.81483376,,3.14788944,1.5205177,tbi,tbi,tbi,tbi,tbi,tbi,tbi,tbi,8.69865,0.01984916,0.48668367,2.61180992,1.55225678,0.01129844,2.4230486,1.59370775,5.8443,0.00479414,0.47972816,3.2024224,1.46514875,0.00754978,0.51622053,0.16843549,5.8956,0.00479414,0.54668223,3.17027958,1.44751857,0.00866919,0.51437653,0.20327511,25
60061,1.10529,0.00607213,0.27254557,0.0455353,0.07208117,,0.2371466,0.47191212,tbi,tbi,tbi,tbi,tbi,tbi,tbi,tbi,1.98413,0.00567547,0.64288046,0.20305438,0.47990136,,0.26170098,0.39092125,1.71768,0.00283052,0.83121906,0.1928012,0.43683908,0.02382306,0.11227047,0.11789553,1.68233,0.00283052,0.79485607,0.19280123,0.45649396,0.02382263,0.11227049,0.09925386,26
60062,5.40263,0.03410195,0.4201139,3.14799383,0.72701272,,0.3636186,0.70978869,tbi,tbi,tbi,tbi,tbi,tbi,tbi,tbi,5.77399,0.03468198,0.57307903,3.19125497,1.10704524,0.0204825,0.31152753,0.53591436,4.79698,0.02349828,0.63539634,3.19330967,0.79560144,0.02332338,0.01171664,0.11413497,4.78917,0.02322008,0.63694224,3.1998513,0.79559819,0.02332488,0.00424775,0.10598366,27
00001,4.26642,,,3.79801003,,,0.46190777,0.00650611,tbi,tbi,tbi,tbi,tbi,tbi,tbi,tbi,4.2166,,,3.74381013,,,0.47032973,0.00246249,4.16295,,,4.15980526,,,0.00091086,0.00223467,4.16285,,,4.16061665,,,,0.00223467,1
60064,2.51975,0.11736381,0.07987196,0.22760991,0.50485888,,0.79689815,0.79315207,tbi,tbi,tbi,tbi,tbi,tbi,tbi,tbi,2.37471,0.11389548,0.15151372,0.24500817,0.51190233,0.02529267,0.70017745,0.62692491,0.985188,0.10458631,0.10161127,0.2116143,0.26559355,0.01654859,7.656e-05,0.28515772,0.961699,0.10493059,0.10188489,0.2108951,0.26569029,0.00523387,0.02896935,0.24409488,28
60067,2.35939,0.11004226,0.24115116,0.02340909,0.51889699,,0.89996455,0.56592299,tbi,tbi,tbi,tbi,tbi,tbi,tbi,tbi,2.0997,0.13283055,0.46197984,0.06039257,0.49917029,0.02428885,0.52612919,0.3949069,1.30966,0.16774975,0.44373808,0.02580229,0.51320748,0.01448589,0.00696145,0.13771513,1.30797,0.1677497,0.4366346,0.03334678,0.51320737,0.01448584,0.00501671,0.13752414,29
60068,1.14252,0.02571038,0.18027815,0.66956938,0.18367099,,0.07339838,0.00989606,tbi,tbi,tbi,tbi,tbi,tbi,tbi,tbi,1.19405,0.02653571,0.20309138,0.69070191,0.20664888,,0.06464977,0.00241921,1.1373,0.02656882,0.1889886,0.68640026,0.18877689,,0.04509344,0.00147407,1.13771,0.02656883,0.1889886,0.68834319,0.18877682,,0.04325599,0.00177775,30
60069,2.32393,0.07280461,0.04987383,0.8710288,0.19625955,,0.35893551,0.77502897,tbi,tbi,tbi,tbi,tbi,tbi,tbi,tbi,2.19166,0.0682492,0.07790614,1.31821605,0.18891698,,0.2813201,0.25704858,1.80745,0.06307709,0.0643909,1.35058399,0.21897296,0.00731628,0.07099533,0.03211624,1.82588,0.06307772,0.06445347,1.3619481,0.21897298,0.00731573,0.06962927,0.04048233,31
60070,0.265239,,0.06692971,0.01573963,0.13253044,,0.03859892,0.01143992,tbi,tbi,tbi,tbi,tbi,tbi,tbi,tbi,0.272468,,0.08162445,0.02267017,0.09402515,,0.04348257,0.03066577,0.246425,,0.07166114,0.03284629,0.08331814,,0.038541,0.02005889,0.250946,,0.0716608,0.03284476,0.08331828,,0.03778696,0.02533541,32
60074,1.86659,,0.22150341,0.82523487,0.00082341,0.12231069,0.20943648,0.48728217,tbi,tbi,tbi,tbi,tbi,tbi,tbi,tbi,1.56579,0.00196242,0.15195687,0.98640644,0.05023291,0.04161593,0.1716008,0.16201634,1.31062,0.00139572,0.17071102,1.04924649,0.06093306,8.75e-06,0.00274834,0.02557419,1.302,0.00139572,0.17194684,1.04925421,0.06093233,8.76e-06,0.00234958,0.01611287,33
60076,0.981894,0.22058789,0.16524161,,0.33338422,,0.04750422,0.21517605,tbi,tbi,tbi,tbi,tbi,tbi,tbi,tbi,0.884067,0.22056922,0.22294941,0.02052379,0.33626833,,0.02844167,0.05531486,0.85737,0.20790432,0.13690402,,0.33444995,0.14867714,,0.02943482,0.85737,0.20790436,0.13690396,,0.33444984,0.14867718,,0.02943498,34
60077,0.294666,0.0236244,0.10314476,0.08428752,0.03913709,,,0.04447263,tbi,tbi,tbi,tbi,tbi,tbi,tbi,tbi,0.285703,0.02358667,0.11483577,0.0890455,0.02770664,,,0.03052824,0.236588,0.01996692,0.089338,0.07971325,0.02762895,,,0.0199413,0.237666,0.01996693,0.089338,0.07971325,0.02737294,0.01169809,,0.00957669,35
60085,4.54176,0.04362505,0.39627238,0.54466465,0.00832444,,1.42565058,2.12322516,tbi,tbi,tbi,tbi,tbi,tbi,tbi,tbi,4.3281,0.05133574,0.28044921,0.8437155,,0.05832214,1.22111036,1.87316377,1.47631,0.04818138,0.31253104,0.78208554,,0.07467718,0.00285363,0.25597861,1.52573,0.04841538,0.31547407,0.78413361,,0.00256064,0.11724854,0.25789815,36
60088,1.00598,,,,9.981e-05,,1.00127462,0.00460085,tbi,tbi,tbi,tbi,tbi,tbi,tbi,tbi,0.647794,,0.00067685,,0.00020617,,0.64660525,0.00030588,0.0104641,,0.00106683,,,,,0.00939724,0.0127921,,0.00098384,,,,0.00036092,0.01144736,37
60089,1.80864,0.01509632,0.35450338,0.02980117,0.61322353,,0.20395988,0.59205354,tbi,tbi,tbi,tbi,tbi,tbi,tbi,tbi,1.85998,0.00667961,0.67511635,0.12286692,0.60456639,0.00577273,0.18219184,0.26278157,1.52071,0.00555471,0.62849119,0.10592586,0.57183535,0.03651761,0.12654726,0.04583931,1.45431,0.00555352,0.63121214,0.10609167,0.57299272,0.03627445,0.05633473,0.0458492,38
60090,2.03654,,0.16422957,0.98885097,,,0.17910324,0.70435418,tbi,tbi,tbi,tbi,tbi,tbi,tbi,tbi,2.06619,0.00370628,0.24174108,1.02461162,,,0.22620455,0.56992628,1.42917,0.00300606,0.28946477,1.06178984,,,0.03331921,0.04159137,1.348,0.00300592,0.18062095,1.06178582,,,0.03122546,0.07136383,39
60091,1.90817,,0.19341669,0.03752318,0.32378584,,1.34155706,0.01188529,tbi,tbi,tbi,tbi,tbi,tbi,tbi,tbi,1.43371,0.0022544,0.27175803,0.03044992,0.33855685,,0.7700001,0.02069144,0.681148,,0.18467044,0.03880577,0.32760011,0.00377496,0.00092735,0.12536944,0.664692,,0.26549203,0.038806,0.31784998,0.00377495,0.00696436,0.0318046,40
60093,3.57291,,0.22456939,1.0143506,0.73005788,,1.53016622,0.0737641,tbi,tbi,tbi,tbi,tbi,tbi,tbi,tbi,2.97276,,0.28201647,1.05614466,0.64529408,,0.92397812,0.06532484,2.17961,,0.28395859,1.25692931,0.5921805,0.02216477,0.00127264,0.02310509,2.18573,,0.28398559,1.25692937,0.59217805,0.02344103,0.00626659,0.0229298,41
60101,3.11494,0.00640791,0.3613784,1.07039805,0.27200892,,0.56869435,0.83605583,tbi,tbi,tbi,tbi,tbi,tbi,tbi,tbi,2.61832,0.0044088,0.41897735,1.27208961,0.26182699,,0.38886998,0.27215036,2.17277,0.0056405,0.48730929,1.35760732,0.1873335,,0.00064416,0.13423389,2.22833,0.0056405,0.51778146,1.39277882,0.18733046,,0.00034944,0.12444626,42
60103,6.3056,0.00909993,0.28027116,1.81700787,0.51049469,,2.12722503,1.56149665,tbi,tbi,tbi,tbi,tbi,tbi,tbi,tbi,7.70282,0.01040723,0.50448015,4.81215347,0.47711821,0.02966238,0.73327133,1.13572243,6.1554,0.01031565,0.6019116,4.71509428,0.47937009,,0.00107178,0.34763648,6.16606,0.01031566,0.74461205,4.72372411,0.3393298,,0.00097768,0.34710495,43
60104,0.131231,,0.06572297,,,,,0.06550839,tbi,tbi,tbi,tbi,tbi,tbi,tbi,tbi,0.0655735,,0.03514179,,,,,0.03043172,0.0706014,,0.0376084,,,0.02503121,,0.00796174,0.0791905,,0.0376084,,,0.02503122,,0.01655091,44
60106,1.73854,0.01922562,0.11667625,0.18953789,0.63201726,,0.03181504,0.74926748,tbi,tbi,tbi,tbi,tbi,tbi,tbi,tbi,1.67248,0.01941365,0.23951842,0.2220926,0.6962353,,0.04042008,0.45479774,1.20983,0.01527583,0.29739331,0.21385437,0.61275418,,0.00054927,0.07000617,1.1917,0.01527585,0.28739372,0.20302953,0.61276282,,0.00054622,0.07268822,45
60107,2.0005,0.01015676,0.38400563,0.35968018,0.12375455,,0.32013356,0.80276899,tbi,tbi,tbi,tbi,tbi,tbi,tbi,tbi,1.8685,0.00167283,0.42073746,0.53618389,0.14213571,,0.27543351,0.49234091,1.08113,0.00014097,0.43777329,0.51008976,0.12732253,,0.00078883,0.00501274,1.14933,0.000141,0.44123671,0.57521918,0.12772243,,,0.00501282,46
60108,2.35715,0.00883306,0.16999919,0.46367942,0.6382003,,0.47580854,0.60062719,tbi,tbi,tbi,tbi,tbi,tbi,tbi,tbi,2.15214,0.00901814,0.26212421,0.55834998,0.60518623,,0.35554113,0.36192384,1.5671,0.00664204,0.25608583,0.5686287,0.6440794,0.00531062,,0.08635826,1.56883,0.00664206,0.2560234,0.57187707,0.64408611,0.00530907,,0.08489149,47
60120,6.35383,0.25415875,0.35965326,3.47387202,0.10930017,,1.07992888,1.07691817,tbi,tbi,tbi,tbi,tbi,tbi,tbi,tbi,6.68894,0.2765251,0.2830606,4.33112893,0.2028986,0.02782919,0.67250444,0.8949905,5.47011,0.25720389,0.30920232,4.32899198,0.1058054,0.08808447,0.16557268,0.21524643,5.52388,0.25720235,0.2992335,4.44264477,0.02573814,0.08968563,0.1427645,0.26660721,48
60126,1.38287,0.45502839,0.50814329,0.05592283,0.00057494,,0.07974484,0.28345866,tbi,tbi,tbi,tbi,tbi,tbi,tbi,tbi,1.37841,0.41532356,0.44798129,0.17027067,0.00051365,0.09170521,0.10062117,0.15199468,1.15778,0.36774397,0.51983904,0.18978455,,0.04639593,,0.03401467,1.15184,0.36774376,0.5261437,0.19624827,,0.04639582,,0.01530858,49
60130,1.30138,0.71075503,0.03065998,0.51301407,,,0.04219845,0.00475208,tbi,tbi,tbi,tbi,tbi,tbi,tbi,tbi,1.28248,0.71575379,0.03404661,0.48050352,,,0.03222864,0.01995069,1.27646,0.70526747,0.03309042,0.52310099,0.00021415,0.00149767,0.01221307,0.00108059,1.27741,0.70526963,0.03309044,0.52310094,0.00021415,0.00149765,0.01225034,0.001986,50
60131,0.321359,2.67e-06,0.02386651,0.02069993,,,0.02879265,0.24799728,tbi,tbi,tbi,tbi,tbi,tbi,tbi,tbi,0.273483,1e-06,0.03967065,0.02190377,0.00031342,,0.01065116,0.2009428,0.144862,,0.05341536,0.0176577,,,0.00330447,0.07048455,0.0956703,,0.05341544,0.01765624,,,0.0038796,0.02071898,51
60133,2.70893,0.01048734,0.23054648,1.61911733,,,0.44135541,0.40741867,tbi,tbi,tbi,tbi,tbi,tbi,tbi,tbi,2.82183,0.01248288,0.32685414,1.65125451,0.0362399,,0.38244431,0.41254974,1.99435,0.00993121,0.21155172,1.7214546,0.03234681,,0.00118668,0.01787797,1.99892,0.00993121,0.21156415,1.72455324,0.03234681,,8.064e-05,0.02044205,52
60137,2.13606,0.007554,0.34842747,0.271294,0.69757454,,0.26072481,0.55048712,tbi,tbi,tbi,tbi,tbi,tbi,tbi,tbi,1.99836,0.00992986,0.34435915,0.48893551,0.72646616,0.01656384,0.25841817,0.15369075,1.70377,0.01114629,0.37159674,0.43579943,0.74079655,0.07936372,0.00025717,0.06481232,1.68669,0.01114629,0.38688802,0.4226379,0.730104,0.07934055,0.00025717,0.05631477,53
60139,1.37805,,0.19030904,0.27291567,0.15256038,,0.23613107,0.52613132,tbi,tbi,tbi,tbi,tbi,tbi,tbi,tbi,1.05761,,0.24861362,0.32803906,0.16473546,,0.15139886,0.16482604,0.809962,,0.26897269,0.29642421,0.18266873,0.00025405,,0.06164254,0.802869,,0.26920631,0.29642305,0.18266696,0.00025405,,0.05431847,54
60143,2.90478,0.00572597,0.0716646,0.64898409,0.99018025,,0.32991,0.8583114,tbi,tbi,tbi,tbi,tbi,tbi,tbi,tbi,2.61233,0.00592815,0.12888561,0.75830306,0.98223868,,0.30684405,0.43012894,2.11023,0.00583223,0.21482808,0.72187163,1.00665852,,,0.16104067,2.15649,0.00583223,0.21503424,0.72082004,1.00663373,,,0.20816971,55
60148,2.37647,0.08550525,0.62770898,0.31015811,0.04937975,,0.41497339,0.8887492,tbi,tbi,tbi,tbi,tbi,tbi,tbi,tbi,2.0547,0.03859847,0.5904242,0.49392535,0.04856131,0.0433772,0.36264448,0.47716592,1.36921,0.03442612,0.66890393,0.48893261,0.04605668,0.09657781,2.757e-05,0.03428378,1.36561,0.03442522,0.66888775,0.46361205,0.04605676,0.09709195,2.757e-05,0.05550928,56
60153,0.318058,0.11440309,0.0744504,0.09257932,,,0.03505766,0.00156802,tbi,tbi,tbi,tbi,tbi,tbi,tbi,tbi,0.309725,0.1165426,0.0435178,0.09575081,0.01275487,0.0128995,0.02213422,0.00612557,0.306175,0.11835827,0.04032863,0.10441375,0.01128316,0.02380184,0.00518077,0.00280867,0.311532,0.11835829,0.04032864,0.10441376,0.01128316,0.02380181,0.00529294,0.00805292,57
60154,1.42418,0.2752514,0.07598828,0.74305505,0.15396312,,0.0173651,0.15855887,tbi,tbi,tbi,tbi,tbi,tbi,tbi,tbi,1.42128,0.27340095,0.1167111,0.86062536,0.15029899,,,0.02024784,1.76153,0.26310152,0.07177882,0.77250789,0.61786772,,,0.03627324,1.75071,0.26310193,0.07177883,0.7989947,0.61595161,,,0.00088472,58
60155,0.176491,0.02920425,0.03332615,0.08894822,,,,0.02501207,tbi,tbi,tbi,tbi,tbi,tbi,tbi,tbi,0.14918,0.02866359,0.02540476,0.08803099,,,,0.00708044,0.145259,0.02910845,0.02027112,0.08606913,,,0.00701114,0.00279894,0.148856,0.02910845,0.02027109,0.08606914,,,0.00948279,0.00392434,59
60157,0.393181,,0.05155144,0.00119808,0.14087138,,0.09358161,0.10597885,tbi,tbi,tbi,tbi,tbi,tbi,tbi,tbi,0.391675,,0.06039636,0.01399975,0.14043874,,0.11568304,0.06115698,0.241118,,0.05874306,0.04344055,0.13825101,,,0.00068326,0.297736,,0.05874389,0.09408009,0.13825348,,,0.00665902,60
60160,0.262712,,0.01592812,0.18947436,,,0.02146634,0.03584298,tbi,tbi,tbi,tbi,tbi,tbi,tbi,tbi,0.279809,,0.01513414,0.20258662,0.01459243,,0.01385804,0.03363766,0.229164,,0.01972299,0.17623951,0.01297813,0.00032927,0.01594109,0.00395296,0.233604,,0.019723,0.17712403,0.0129781,0.00032927,0.01901226,0.00443731,61
60162,1.15795,0.84168659,0.02542972,,0.26358416,,0.0207019,0.00655244,tbi,tbi,tbi,tbi,tbi,tbi,tbi,tbi,1.18228,0.839655,0.02504324,,0.24457963,0.01121524,0.00959272,0.05219526,1.14945,0.86661668,0.04161213,,0.22443739,0.01215538,,0.00462425,1.15543,0.86661756,0.04161212,,0.22443635,0.01215527,,0.01060694,62
60163,0.0439442,,0.01604919,,,,,0.02789504,tbi,tbi,tbi,tbi,tbi,tbi,tbi,tbi,0.047937,0.0023347,,,,0.01922094,0.00559213,0.02078923,0.0221167,0.00148764,0.00995291,,,0.00788577,,0.00279038,0.022645,0.00148764,0.00995345,,,0.00788576,,0.00331812,63
60164,0.197043,0.08755598,0.06808916,,,,0.03395551,0.00744246,tbi,tbi,tbi,tbi,tbi,tbi,tbi,tbi,0.235793,0.08146672,0.08278299,,,,0.00807202,0.06347095,0.200523,0.081517,0.09665576,,,0.00959578,0.00820463,0.00455001,0.213288,0.08151797,0.0977186,,,0.00959579,0.01099489,0.01346063,64
60165,0.00250854,,,,,,,,tbi,tbi,tbi,tbi,tbi,tbi,tbi,tbi,,,,,,,,,0.00284573,,0.00185355,,,0.00084709,,0.00014509,0.00284573,,0.00185355,,,0.00084709,,0.00014509,65
60169,2.52167,,0.22085171,1.33890512,0.52924891,,0.09177154,0.34088821,tbi,tbi,tbi,tbi,tbi,tbi,tbi,tbi,2.33343,,0.2293558,1.30526296,0.4573177,,0.13353135,0.20796345,2.03128,0.001258,0.2873023,1.28432448,0.42990997,,0.00935215,0.01913682,2.00026,0.00125802,0.28891143,1.28849304,0.39980606,,0.0028717,0.01892149,66
60171,0.991028,0.37642835,0.00486971,0.43884845,0.12311293,,0.04675582,0.00101227,tbi,tbi,tbi,tbi,tbi,tbi,tbi,tbi,0.913329,0.37109013,0.0051183,0.37524335,0.11667012,,0.0405075,0.00469949,0.927326,0.35815814,0.0042914,0.40721462,0.1154961,,0.03674202,0.00542332,0.928508,0.35815224,0.0042914,0.40720367,0.1156919,,0.0407834,0.00238569,67
60172,1.18821,0.00411712,0.14997055,0.01283305,0.01508873,,0.42915365,0.57704944,tbi,tbi,tbi,tbi,tbi,tbi,tbi,tbi,0.864115,0.00642745,0.30783369,0.04238492,0.01743033,,0.21531373,0.27472495,0.523919,0.00691001,0.30193272,0.03563245,,,,0.17944376,0.51943,0.00691,0.30218733,0.03660074,,,,0.17373218,68
60173,1.03185,,0.01156677,0.00046503,,,0.39259457,0.62721957,tbi,tbi,tbi,tbi,tbi,tbi,tbi,tbi,0.924729,,0.1856297,0.0004687,,,0.32307863,0.41555175,0.164563,,0.15940395,,,,,0.00515949,0.160988,,0.15940446,,,,,0.0015831,69
60176,0.715042,0.07588707,0.01417218,0.42506616,,,0.02897374,0.17094313,tbi,tbi,tbi,tbi,tbi,tbi,tbi,tbi,0.675105,0.07576179,0.02126661,0.43543939,,,0.01753011,0.12510718,0.536911,0.0673285,0.01675055,0.42509807,,,0.01004667,0.01768676,0.537771,0.06453459,0.01954295,0.42509809,,,0.01258948,0.01600623,70
60181,0.607798,0.18019106,0.1168911,0.06311451,0.07029799,,0.02724393,0.15005977,tbi,tbi,tbi,tbi,tbi,tbi,tbi,tbi,0.740363,0.17817499,0.15069299,0.07621979,0.07126844,0.04202135,0.04172772,0.18025724,0.480791,0.1571899,0.11488971,0.0803344,0.07233794,0.04986164,0.00013223,0.0060454,0.496857,0.15705818,0.11490089,0.0821122,0.07233794,0.04985885,0.00013157,0.02045729,71
60187,0.923777,,0.19997805,0.05115001,,,0.27959458,0.39305479,tbi,tbi,tbi,tbi,tbi,tbi,tbi,tbi,0.681386,0.00216652,0.2036457,0.33249352,,,0.07581527,0.06726458,0.580013,0.0015369,0.22655946,0.29194716,,0.05559513,,0.00437476,0.576238,0.00310468,0.22210016,0.29224625,,0.0552206,,0.00356621,72
60188,1.71275,,0.23956882,0.00015383,,,0.51728834,0.95573815,tbi,tbi,tbi,tbi,tbi,tbi,tbi,tbi,1.33705,0.00288506,0.47083211,0.17783534,0.00888163,,0.2890949,0.38751756,0.874588,0.00280662,0.61514991,0.1317524,0.00689952,0.05499597,,0.06298352,0.889369,0.0028066,0.61527035,0.13238831,0.0068999,0.05499596,,0.07700758,73
60189,3.12531,0.05516744,0.3663041,1.08077351,0.81031275,,0.33723379,0.47551531,tbi,tbi,tbi,tbi,tbi,tbi,tbi,tbi,3.59643,0.05398668,0.43868951,1.35412455,1.41866055,0.00879912,0.27819345,0.04398037,3.38201,0.05064694,0.4462927,1.98294705,0.85301745,0.03297649,,0.01613413,3.37041,0.05064722,0.44562498,1.97936117,0.8530175,0.03297742,,0.00877838,74
60190,1.24215,0.05246762,0.08638252,0.77370182,,,0.14695356,0.18264417,tbi,tbi,tbi,tbi,tbi,tbi,tbi,tbi,1.37355,0.05520541,0.10415103,0.8411508,0.17975176,,0.07806751,0.11522444,1.174,0.04308754,0.08536104,0.80134897,0.18491598,0.01976104,,0.03952829,1.18302,0.04308768,0.09507449,0.80189269,0.18492105,0.01976006,,0.03828108,75
60191,1.63625,,0.01023551,0.40506236,0.51891814,,0.05248499,0.64955026,tbi,tbi,tbi,tbi,tbi,tbi,tbi,tbi,1.57406,,0.07657764,0.40638146,0.70080541,,0.14496761,0.2453323,1.29878,,0.07429986,0.41807687,0.6496323,,,0.15677004,1.3176,,0.07419344,0.42932507,0.64963119,,,0.16444556,76
60192,4.21379,,0.20498603,2.52642941,0.21659301,,0.64219224,0.6235863,tbi,tbi,tbi,tbi,tbi,tbi,tbi,tbi,4.99496,,0.28930131,2.56626365,0.20667002,,0.4406351,1.49209373,3.06561,,0.32646848,2.47517479,0.26034829,,0.00115977,0.002456,3.07228,,0.33324788,2.47622785,0.26034832,,,0.002456,77
60193,1.30535,,0.36586168,0.20770265,0.00494153,,0.29893013,0.42791279,tbi,tbi,tbi,tbi,tbi,tbi,tbi,tbi,1.33574,0.00014641,0.57632905,0.2981967,0.01649681,,0.1714972,0.27307354,0.958958,,0.56986809,0.25842312,0.01231501,,0.00076102,0.1175905,0.959367,,0.57024209,0.25842295,0.01231501,,,0.1183873,78
60194,0.912391,0.00555224,0.23295814,0.00151718,0.31686492,,0.18047976,0.17501917,tbi,tbi,tbi,tbi,tbi,tbi,tbi,tbi,0.869426,0.01084042,0.2551102,0.01000463,0.34443156,,0.17495522,0.07408359,0.727299,,0.36299522,0.0098481,0.35419973,0.00025605,,,0.415675,,0.36299513,0.009848,0.03966137,0.00025605,,0.00291484,79
60195,1.27251,0.00550956,0.00880804,0.79794325,0.28220026,,0.02491425,0.15313699,tbi,tbi,tbi,tbi,tbi,tbi,tbi,tbi,1.27308,0.01057422,0.00879852,0.83635798,0.24868256,,0.02604962,0.14262051,1.08336,0.00482073,0.00677309,0.79648462,0.27527681,,,,1.08336,0.00482073,0.00677312,0.79649,0.27527678,,,,80
60201,1.43639,,0.27307694,,0.10935061,,1.01246242,0.04150117,tbi,tbi,tbi,tbi,tbi,tbi,tbi,tbi,1.16029,,0.31341633,0.01346557,0.10098932,,0.73241961,,0.386233,,0.23134812,0.01118839,0.08030357,0.00045437,0.00425821,0.05868029,0.367361,,0.23399684,0.01118839,0.08030358,0.00045437,0.00505763,0.03636045,81
60202,0.928981,0.14133945,0.18710932,,,,0.56091727,0.03961461,tbi,tbi,tbi,tbi,tbi,tbi,tbi,tbi,0.74834,0.14354171,0.20284878,0.02733485,,,0.37461516,,0.324443,0.14167741,0.14348183,,,0.03264447,,0.00663917,0.329351,0.14167751,0.14350724,,,0.03364535,0.00412419,0.00639623,82
60203,0.058091,,0.04984398,,,,0.00791904,0.00032796,tbi,tbi,tbi,tbi,tbi,tbi,tbi,tbi,0.0586019,,0.0498765,,,,0.00872541,,0.0641139,,0.01691269,,,0.04704104,,0.00016017,0.0639537,,0.01691269,,,0.04704105,,,83
60301,0.0157379,,0.01573792,,,,,,tbi,tbi,tbi,tbi,tbi,tbi,tbi,tbi,0.0154736,,0.01547361,,,,,,0.0126786,,0.01267859,,,,,,0.0126786,,0.01267859,,,,,,84
60302,0.0996433,,0.09644418,,,,,0.00319913,tbi,tbi,tbi,tbi,tbi,tbi,tbi,tbi,0.0829761,,0.08297612,,,,,,0.0672554,,0.06725536,,,,,,0.0672554,,0.06725537,,,,,,85
60304,0.068568,,0.05875598,,,,,0.00981198,tbi,tbi,tbi,tbi,tbi,tbi,tbi,tbi,0.0541663,,0.05416632,,,,,,0.0460452,,0.04449438,,,,,0.00155084,0.0468042,,0.04449438,,,,,0.00230981,86
60305,0.601874,0.00026741,0.04585208,0.5087389,,,0.03352691,0.01348874,tbi,tbi,tbi,tbi,tbi,tbi,tbi,tbi,0.602003,0.00028216,0.05087469,0.51587979,,,0.02801257,0.00695409,0.570809,6.502e-05,0.04223042,0.51461027,,,0.01323809,0.00066487,0.571138,6.502e-05,0.04223042,0.51459395,,,0.013985,0.00026373,87
60402,0.386398,0.13421266,0.0682779,0.00019911,,,0.06187272,0.12183592,tbi,tbi,tbi,tbi,tbi,tbi,tbi,tbi,0.350708,0.13490255,0.09272956,0.0001734,,,0.06659302,0.05630981,0.256158,0.12758884,0.07720802,,,,0.04943624,0.00192535,0.256866,0.12758884,0.07672871,,,,0.04943608,0.00311217,88
60406,1.34991,0.16633677,0.06423836,0.193057,,,0.17733145,0.74894903,tbi,tbi,tbi,tbi,tbi,tbi,tbi,tbi,1.59011,0.16640407,0.08067955,0.3756483,0.36938822,,0.18061725,0.41737609,1.09115,0.15025239,0.06315418,0.26214233,0.34246416,,0.11979656,0.15333793,1.11453,0.15026572,0.06314188,0.26213957,0.34247689,,0.14237631,0.15412685,89
60415,0.449221,0.00293844,0.05417038,,,,0.08939217,0.3027204,tbi,tbi,tbi,tbi,tbi,tbi,tbi,tbi,0.299979,0.00293832,0.04170306,0.02513388,0.15490398,,0.03323342,0.04206667,0.223459,2.062e-05,0.03381333,0.02323236,0.13077166,,0.00563911,0.02998231,0.219862,2.08e-05,0.03381332,0.02323233,0.14078589,,0.00374875,0.01826138,90
60439,15.286,0.13168976,0.05605434,5.67430556,1.41131549,,3.53522427,4.47741693,tbi,tbi,tbi,tbi,tbi,tbi,tbi,tbi,15.306,0.12248579,0.1619537,7.11894809,2.02429526,3.493e-05,2.49358068,3.3847151,11.9629,0.1697728,0.30489047,7.36201577,2.03301875,0.19894559,0.66451281,1.22978452,11.9497,0.16977282,0.49647227,7.3815057,2.03300235,0.18336064,0.58563673,1.09990852,91
60445,1.95464,0.02180905,0.22756713,0.93747281,0.25916031,,0.06763661,0.44099047,tbi,tbi,tbi,tbi,tbi,tbi,tbi,tbi,1.70647,0.02007039,0.158118,0.97498849,0.2774893,,0.07025176,0.20555436,1.51422,0.0192039,0.11813792,0.97046949,0.27526263,,0.0849534,0.04618868,1.51265,0.01920395,0.11814773,0.97047068,0.27526275,,0.08495341,0.04461463,92
60453,0.610796,0.1074765,0.28533973,0.00900581,,,0.06860877,0.1403653,tbi,tbi,tbi,tbi,tbi,tbi,tbi,tbi,0.373363,0.07379531,0.22574987,0.00035473,0.01065477,,0.04879683,0.01401136,0.387929,0.06871531,0.27461159,0.01068426,0.01392522,0.01025822,0.00021335,0.00952063,0.382702,0.06871552,0.26912334,0.01068426,0.01392522,0.01025823,0.00021335,0.00978188,93
60455,0.773718,0.00320579,0.10368205,,,,0.03044064,0.63638949,tbi,tbi,tbi,tbi,tbi,tbi,tbi,tbi,0.595585,0.00256885,0.09972127,0.0190534,,,0.04598158,0.4282597,0.18013,0.04473353,0.06789249,,,,0.00032699,0.06717675,0.190207,0.04473691,0.07117168,,,,,0.07429869,94
60456,0.0124187,0.00222785,0.01001033,,,,,0.00018056,tbi,tbi,tbi,tbi,tbi,tbi,tbi,tbi,0.00866266,,0.00866266,,,,,,0.00617158,0.0018689,0.00410454,,,,,0.00019814,0.00617158,0.0018689,0.00410454,,,,,0.00019814,95
60457,0.567341,0.04190504,0.0929587,0.06106826,0.21425135,,0.07618687,0.08097046,tbi,tbi,tbi,tbi,tbi,tbi,tbi,tbi,0.493368,0.04180874,0.09025318,0.05498422,0.21768549,,0.02228244,0.06635365,0.392329,0.0419029,0.05932024,0.05598831,0.21398267,,,0.02113516,0.39135,0.0419029,0.05932036,0.05598829,0.21398272,,,0.02015616,96
60458,1.17349,0.80467979,,0.00072928,,,0.05708411,0.31099891,tbi,tbi,tbi,tbi,tbi,tbi,tbi,tbi,1.03189,0.67999149,0.01671359,0.00038802,0.0403418,,0.09999902,0.19445351,0.906584,0.69255947,0.00866255,2.541e-05,0.04043067,0.0001644,0.0558039,0.10893794,0.933118,0.6925625,0.00866254,2.541e-05,0.04043067,0.0001644,0.08197712,0.10929555,97
60459,0.172933,,0.12352658,,,,0.01940558,0.03000053,tbi,tbi,tbi,tbi,tbi,tbi,tbi,tbi,0.175518,,0.14949447,,,,,0.02602364,0.0621043,,0.06210428,,,,,,0.0621043,,0.06210432,,,,,,98
60463,1.75078,,0.08109048,0.96852924,0.38931094,,0.15067217,0.16117527,tbi,tbi,tbi,tbi,tbi,tbi,tbi,tbi,1.46573,,0.06436768,1.11523793,0.08020483,,0.15712918,0.04878711,1.35553,,0.04109262,1.18030495,0.07371861,,0.05482821,0.00558704,1.35647,,0.04109313,1.16686302,0.07371854,,0.05484674,0.01994841,99
60464,2.88793,0.0002001,0.00620258,1.74827492,0.04109606,,0.60720466,0.48494751,tbi,tbi,tbi,tbi,tbi,tbi,tbi,tbi,2.93397,0.00018622,0.00594566,2.0135123,0.00544016,,0.4789771,0.42991086,2.38452,,0.01110885,2.18464303,0.10732901,,0.04501562,0.03641899,2.39173,,0.01110885,2.18459929,0.10733247,,0.043868,0.04482282,100
60465,1.49275,,0.08162535,0.8408515,0.08126499,,0.08608629,0.40291866,tbi,tbi,tbi,tbi,tbi,tbi,tbi,tbi,1.44909,0.00017788,0.04867507,0.703944,0.10309017,,0.03664606,0.55655494,1.13428,,0.06036482,0.67815802,0.07372452,,0.01877371,0.30325698,1.13998,,0.06036483,0.67815776,0.07372453,,0.02556099,0.30217189,101
60472,0.235033,,0.0045287,,,,0.07022422,0.16027992,tbi,tbi,tbi,tbi,tbi,tbi,tbi,tbi,0.323197,,,,,,,,0.225821,,0.00355417,,,,0.09056164,0.13170533,0.231254,,0.00355416,,,,0.09054849,0.13715172,102
60480,4.12936,0.13422808,0.03216753,2.05099859,,,0.61906844,1.29290174,tbi,tbi,tbi,tbi,tbi,tbi,tbi,tbi,3.87072,0.13254143,0.01951302,2.21867973,0.00290967,0.1222747,0.5878907,0.78690638,3.36711,0.1287866,0.01471198,2.34081008,2.46e-06,0.093399,0.32387498,0.4655239,3.3919,0.1287865,0.01471243,2.34082517,2.46e-06,0.0933993,0.35719083,0.45698714,103
60482,0.649865,0.13455776,0.23054858,,,,0.09360813,0.19115094,tbi,tbi,tbi,tbi,tbi,tbi,tbi,tbi,0.704976,0.13870492,0.0923613,,0.30274022,,0.07704141,0.0941282,0.670895,0.14146293,0.0321757,0.00517799,0.35725632,,0.10835626,0.02646536,0.688531,0.14146338,0.03217566,0.0051778,0.35725751,,0.12598991,0.02646649,104
60501,1.47358,2.929e-05,0.12145127,0.0701155,,,0.48783147,0.79414849,tbi,tbi,tbi,tbi,tbi,tbi,tbi,tbi,1.31143,0.00013798,0.13604122,0.09860722,,,0.50020012,0.57644634,0.852178,,0.1407727,0.05633303,,,0.50746763,0.14760473,0.890267,,0.14099204,0.05633305,,,0.51336357,0.17957799,105
60513,0.489615,,0.07868462,0.39932821,,,0.01160259,,tbi,tbi,tbi,tbi,tbi,tbi,tbi,tbi,0.494327,,0.08055301,0.40085441,,,0.01291932,,0.527546,,0.08537328,0.42762749,,,0.01134355,0.00320159,0.530794,,0.08537327,0.43127386,,,0.0094288,0.00471838,106
60514,0.276752,,0.05767501,,0.20586407,,0.01321304,,tbi,tbi,tbi,tbi,tbi,tbi,tbi,tbi,0.295946,,0.08080316,,0.20284405,,0.01199115,0.00030795,0.275549,,0.0723441,,0.20320478,,,,0.27538,,0.07217549,,0.20320489,,,,107
60515,3.20548,0.00994609,0.24712164,2.12843357,0.13383504,,0.03848795,0.64765705,tbi,tbi,tbi,tbi,tbi,tbi,tbi,tbi,2.68102,0.00976703,0.24671577,1.8342966,0.12945004,,0.08112398,0.37966814,2.30301,0.01071708,0.15912519,1.9315677,0.14501527,,,0.05658349,2.31265,0.01071708,0.16809015,1.93157091,0.14763419,,,0.05463967,108
60516,0.686166,0.0052884,0.2430116,,0.00333345,,0.16459592,0.26993684,tbi,tbi,tbi,tbi,tbi,tbi,tbi,tbi,0.695866,0.00450998,0.36466408,0.04169635,0.0028647,,0.13466538,0.14746549,0.357334,0.00334584,0.2967267,0.0464631,0.00291391,,,0.00788417,0.376141,0.00334549,0.29673194,0.06344929,0.00291391,,1.887e-05,0.00968158,109
60517,1.91458,7.884e-05,0.11077034,0.26904362,0.24014358,0.2510315,0.28539806,0.75810979,tbi,tbi,tbi,tbi,tbi,tbi,tbi,tbi,2.31052,8.488e-05,0.30334261,0.61909474,0.63500065,0.02115055,0.31690164,0.41494165,1.70085,,0.43219276,0.50899787,0.6563384,,,0.10332482,1.72986,,0.50366378,0.50899326,0.65633773,,,0.06086328,110
60521,0.427219,0.00434044,0.2338143,0.00772402,0.01822611,,0.08476528,0.07834927,tbi,tbi,tbi,tbi,tbi,tbi,tbi,tbi,0.497148,0.0022889,0.26862618,0.06129957,0.0168452,,0.10355234,0.04453594,0.36519,0.00219473,0.18189484,0.07626133,0.04136742,,0.04542002,0.01805191,0.312526,0.00219473,0.18189434,0.07641756,0.03277886,,,0.01924082,111
60523,2.42894,0.06783463,0.25918859,0.45811014,1.24725849,,0.18036913,0.21618242,tbi,tbi,tbi,tbi,tbi,tbi,tbi,tbi,2.61412,0.05917598,0.25873764,0.63327643,1.1717847,0.02248168,0.22048618,0.24817434,2.15043,0.0542935,0.20113987,0.71746005,1.17378052,0.00349219,,0.00025925,2.14877,0.0542935,0.20113101,0.71586604,1.17372329,0.0034922,,0.00025925,112
60525,2.64435,0.01571762,0.30254522,1.05794408,0.62267334,,0.04040821,0.60506358,tbi,tbi,tbi,tbi,tbi,tbi,tbi,tbi,2.24815,0.01530715,0.26061014,1.04040197,0.56941358,,0.0409221,0.32149901,2.04151,0.01170963,0.26561903,1.0199451,0.54913292,,0.01729239,0.17781338,2.11172,0.01170963,0.26761418,1.01994496,0.54913321,,0.03044915,0.23287128,113
60526,0.944077,0.0243625,0.05344905,0.86614716,,,,0.00011854,tbi,tbi,tbi,tbi,tbi,tbi,tbi,tbi,0.913827,0.0241413,0.04568448,0.82855281,,,0.0154489,,0.913333,0.02348238,0.03447666,0.8132416,,,0.00299415,0.03913777,0.921348,0.02348238,0.03447666,0.8132414,,,0.00299415,0.04715387,114
60527,3.37645,5.637e-05,0.07184033,1.04378765,0.2099035,,0.55729357,1.49357218,tbi,tbi,tbi,tbi,tbi,tbi,tbi,tbi,2.79361,0.0122345,0.24629526,1.15174987,0.21108168,0.00040745,0.43527789,0.73656153,1.70575,0.01406495,0.22779954,1.17059478,0.20422848,0.00369379,0.02842692,0.05694379,1.7407,0.01406495,0.22803718,1.18927753,0.20374226,0.0036938,0.0281068,0.07377916,115
60532,2.01166,,0.32266629,0.6715226,,,0.19063272,0.82683458,tbi,tbi,tbi,tbi,tbi,tbi,tbi,tbi,1.8746,0.00359654,0.4495571,0.764222,0.12549705,3.977e-05,0.22444563,0.30724243,1.40413,0.00439412,0.46101201,0.76703342,0.12309563,,0.0004736,0.0481247,1.41159,0.00439412,0.46484355,0.76530147,0.12310086,,0.0004736,0.05347593,116
60534,0.352998,,0.00900611,0.28741158,,,0.04049846,0.01608182,tbi,tbi,tbi,tbi,tbi,tbi,tbi,tbi,0.334996,,0.00855074,0.28480852,,,0.03994397,0.00169262,0.349297,,0.02295243,0.29239519,,,0.02948656,0.00446243,0.356383,,0.02686284,0.29256617,,,0.03280412,0.00414996,117
60546,1.07793,0.15172095,0.04468594,0.61422563,0.1566132,0.00583003,0.09639987,0.00845758,tbi,tbi,tbi,tbi,tbi,tbi,tbi,tbi,1.11209,0.15601536,0.11103848,0.5397016,0.19796706,,0.09162021,0.01575222,1.00549,0.14895405,0.0916842,0.43708466,0.18591715,,0.086885,0.05496289,0.973259,0.14895406,0.10952649,0.43937412,0.18590346,0.00316608,0.07704278,0.00929201,118
60558,1.03696,,0.12464263,0.63848615,0.17902179,,,0.09480831,tbi,tbi,tbi,tbi,tbi,tbi,tbi,tbi,0.970112,,0.13613418,0.62832678,0.17520468,,,0.03044676,0.811393,,0.12690096,0.64993723,0.0129613,,0.00279448,0.01879953,0.812525,,0.12690157,0.64993029,0.01296123,,0.00384744,0.01888493,119
60559,0.614073,0.13708403,0.07118911,,0.12979592,,0.0767532,0.199251,tbi,tbi,tbi,tbi,tbi,tbi,tbi,tbi,0.589931,0.13425417,0.20377792,0.0022798,0.11410261,,0.06084458,0.07467149,0.453041,0.13383091,0.19476105,,0.11079311,,,0.01365627,0.452028,0.13383087,0.19476249,,0.11079307,,,0.01264165,120
60561,1.00711,0.15023907,0.08632375,0.07203022,0.18305657,,0.20533078,0.31012578,tbi,tbi,tbi,tbi,tbi,tbi,tbi,tbi,1.01382,0.03167759,0.24159119,0.28415811,0.18473684,,0.12372301,0.14793436,0.719448,0.02840749,0.21859426,0.27878638,0.18823925,,,0.00542029,0.736242,0.02840748,0.21859734,0.29683475,0.18824217,,,0.00416017,121
60601,0.115095,,0.09346666,,,,0.02162801,,tbi,tbi,tbi,tbi,tbi,tbi,tbi,tbi,0.125669,,0.10050495,,,,0.02393077,0.00123368,0.116007,,0.07973152,,,,0.02110659,0.01516934,0.0908319,,0.05337862,,,,0.02699274,0.01046055,122
60602,0.0120567,,0.01205671,,,,,,tbi,tbi,tbi,tbi,tbi,tbi,tbi,tbi,0.0100434,,0.00641058,,,,,0.0036328,,,,,,,,,,,,,,,,,123
60603,0.032495,,0.03249503,,,,,,tbi,tbi,tbi,tbi,tbi,tbi,tbi,tbi,0.0294942,,0.02648717,,,,,0.00300705,0.0551837,,0.05518371,,,,,,0.0551837,,0.05518371,,,,,,124
60604,0.0105486,,0.01054862,,,,,,tbi,tbi,tbi,tbi,tbi,tbi,tbi,tbi,0.0114426,,0.00986609,,,,,0.00157654,0.0069263,,0.0069263,,,,,,0.0069263,,0.0069263,,,,,,125
60605,0.881926,,0.29781125,,,,0.5656535,0.01846166,tbi,tbi,tbi,tbi,tbi,tbi,tbi,tbi,1.10306,,0.45382006,,,,0.647138,0.00210296,0.509705,,0.48173077,,,,0.00343181,0.02454213,0.517194,,0.48178998,,,,0.01089824,0.02450615,126
60606,0.0536626,,0.0182552,,,,0.03540738,,tbi,tbi,tbi,tbi,tbi,tbi,tbi,tbi,0.0354919,,,,,,,,0.0337096,,,,,,,,0.0339844,,,,,,,,127
60607,0.133937,,0.09478145,,,,0.02856956,0.01058601,tbi,tbi,tbi,tbi,tbi,tbi,tbi,tbi,0.10788,,0.07406467,,,,0.0301544,0.00366085,0.0909184,,0.0527497,,,,0.02921846,0.00895028,0.111119,,0.05635715,,,,0.03481716,0.0199446,128
60608,0.556921,,0.15604608,,,,0.26797901,0.13289636,tbi,tbi,tbi,tbi,tbi,tbi,tbi,tbi,0.392004,,0.12133191,,,0.04226474,0.21755568,0.0108512,0.499783,,0.14286752,,,,0.20274097,0.15417483,0.509834,,0.14523551,,,,0.21145156,0.15314658,129
60609,0.769503,,0.45017903,,,,0.01276456,0.30655985,tbi,tbi,tbi,tbi,tbi,tbi,tbi,tbi,0.466506,,0.35547601,,,0.06805997,0.02850376,0.01446585,0.430563,,0.32044475,,,,0.01352562,0.09659301,0.492802,,0.31616981,,,,0.01355734,0.16307505,130
60610,0.172837,,0.12240217,,,,0.04402856,0.00640663,tbi,tbi,tbi,tbi,tbi,tbi,tbi,tbi,0.504556,,0.10755961,,,,0.39699622,,0.139428,,0.09256479,,,,0.0144251,0.03243851,0.141443,,0.0929474,,,,0.01594527,0.03255014,131
60611,0.0979711,,0.07354344,,,,0.01889298,0.00553464,tbi,tbi,tbi,tbi,tbi,tbi,tbi,tbi,0.677551,,0.11292406,,,,0.55815271,0.00647464,0.214584,,0.05143821,,,,0.08645858,0.07668733,0.207841,,0.06348716,,,,0.08814186,0.05621241,132
60612,0.103297,,0.07697753,,,,,0.02631918,tbi,tbi,tbi,tbi,tbi,tbi,tbi,tbi,0.0850398,,0.04600049,,,0.0173247,,0.02171459,0.046253,,0.03748536,,,,,0.00876766,0.10732,,0.03742497,,,,,0.06989475,133
60613,1.0444,0.22138757,0.27209763,,0.11870865,,0.42872774,0.00347894,tbi,tbi,tbi,tbi,tbi,tbi,tbi,tbi,1.04645,0.22015935,0.31509858,,0.1202838,,0.39091149,,0.588875,0.20401492,0.01206526,,,0.00176807,0.00191315,0.36911393,0.600792,0.20401512,0.38311713,,,0.00176806,0.00313227,0.00875975,134
60614,0.589542,,0.3658473,,,0.00344593,0.20868636,0.01156197,tbi,tbi,tbi,tbi,tbi,tbi,tbi,tbi,0.62902,,0.36348503,,,,0.26553467,,0.385125,,0.2653735,,,,0.06261709,0.05713433,0.406112,,0.34802487,,,,0.04647465,0.01161216,135
60615,1.02986,,0.380035,,,,0.64229062,0.00753214,tbi,tbi,tbi,tbi,tbi,tbi,tbi,tbi,0.799777,,0.36463163,,,0.02232565,0.41281934,,0.386504,,0.34505492,,,,,0.04144934,0.389461,,0.38245354,,,,0.00103258,0.00597505,136
60616,1.00597,,0.30157553,,,,0.62921864,0.07517238,tbi,tbi,tbi,tbi,tbi,tbi,tbi,tbi,0.819158,,0.30859866,,,,0.46999383,0.04056572,0.50337,,0.1692597,,,,0.04545258,0.28865721,0.417848,,0.16358931,,,,0.04562509,0.20863354,137
60617,3.60398,,0.65180035,,,,1.81916394,1.1330179,tbi,tbi,tbi,tbi,tbi,tbi,tbi,tbi,2.90962,,0.46945546,0.1071983,0.00044743,0.04278045,1.62788311,0.66185436,2.60892,0.00043641,0.41711242,0.11358792,,0.0028317,0.38142409,1.69352396,2.7854,0.00043641,0.44148987,0.47508405,0.08287084,0.01157084,0.45282625,1.321125,138
60618,0.282706,,0.19138148,,,,0.06329841,0.02802628,tbi,tbi,tbi,tbi,tbi,tbi,tbi,tbi,0.282689,,0.21687672,,,,0.05620319,0.00960929,0.273246,,0.19469316,,,0.00517632,0.06541527,0.00796153,0.27968,,0.1946933,,,0.00517632,0.07184847,0.00796153,139
60619,0.29307,0.00133983,0.21468573,,,,,0.07704463,tbi,tbi,tbi,tbi,tbi,tbi,tbi,tbi,0.224341,1.743e-05,0.19581463,,,0.0008027,,0.02770625,0.189996,,0.15068214,,,,,0.0393142,0.201405,,0.15259961,,,,,0.04880584,140
60620,0.757358,,0.19645904,0.30141261,0.21052201,,,0.0489644,tbi,tbi,tbi,tbi,tbi,tbi,tbi,tbi,0.829515,,0.19166799,0.32210236,0.21047594,0.00260294,,0.10266609,0.65758,,0.15056301,0.27646966,0.19390311,0.01368512,,0.02295863,0.657688,,0.15108342,0.27646958,0.19390277,0.01368568,,0.02254651,141
60621,0.175276,,0.14429141,,,,,0.03098496,tbi,tbi,tbi,tbi,tbi,tbi,tbi,tbi,0.127395,,0.08005737,,,0.03856678,,0.00877064,0.125885,,0.06684881,,,,,0.05903575,0.121905,,0.06684898,,,,,0.05505634,142
60622,0.227503,,0.20850608,,,,0.01271021,0.00628639,tbi,tbi,tbi,tbi,tbi,tbi,tbi,tbi,0.226918,,0.20703853,,,0.01261935,0.00485652,0.00240328,0.220243,,0.21768784,,,4e-06,,0.00255154,0.243825,,0.23335386,,,4e-06,,0.01046691,143
60623,0.575693,,0.37435371,,,,0.09218127,0.10915851,tbi,tbi,tbi,tbi,tbi,tbi,tbi,tbi,0.489875,,0.29916363,,,0.07047415,0.09203664,0.02820083,0.386285,,0.30535556,,,,0.06247886,0.01845062,0.401664,,0.30569734,,,,0.06247892,0.0334881,144
60624,0.346579,,0.28947296,,,,0.02224235,0.03486365,tbi,tbi,tbi,tbi,tbi,tbi,tbi,tbi,0.311855,,0.23245693,,,0.04856387,0.01980139,0.01103232,0.289878,,0.28564505,,,,,0.00423294,0.31624,,0.28656274,,,,,0.02967721,145
60625,0.779459,0.48740346,0.23558379,,,,0.05647131,,tbi,tbi,tbi,tbi,tbi,tbi,tbi,tbi,0.710422,0.49986734,0.17042075,,,,0.03533533,0.00479892,0.717729,0.47491521,0.19691023,,,,0.04223782,0.00366606,0.722443,0.47491519,0.21254534,,,,0.03214285,0.00283935,146
60626,0.582059,0.00392434,0.11790532,,,,0.45607464,0.00415506,tbi,tbi,tbi,tbi,tbi,tbi,tbi,tbi,0.569479,0.00291771,0.13238197,,,,0.43343099,0.00074808,0.116872,0.00245023,0.074809,,,,,0.03961253,0.120272,0.00245015,0.09898353,,,4.364e-05,0.00244036,0.01635395,147
60628,0.897446,4.735e-05,0.25448564,0.00513669,,0.0044268,0.13722054,0.49612941,tbi,tbi,tbi,tbi,tbi,tbi,tbi,tbi,0.768404,4.72e-05,0.20755314,0.00596882,,0.02366569,0.14237759,0.38879145,0.324905,,0.13573973,0.00136497,,,0.05763729,0.13016267,0.456898,,0.13644508,0.00136498,,0.0310897,0.0582951,0.229703,148
60629,0.594055,,0.37226636,,0.13910097,,0.06614866,0.01653862,tbi,tbi,tbi,tbi,tbi,tbi,tbi,tbi,0.598598,,0.38717585,,0.1303346,0.00801071,0.06601029,0.00706639,0.539722,,0.05691699,,0.48126842,,,0.00153637,0.539722,,0.05691699,,0.48126837,,,0.00153637,149
60630,0.721569,0.44472612,0.13310662,0.13800574,,,,0.00573087,tbi,tbi,tbi,tbi,tbi,tbi,tbi,tbi,0.659212,0.36422196,0.14625272,0.13832936,,,,0.01040834,0.623604,0.35906734,0.12347964,0.13195055,4.683e-05,,0.00541408,0.00364541,0.624589,0.35906615,0.12347943,0.13318148,4.723e-05,,0.00421205,0.004603,150
60631,0.243124,0.0657466,0.08875317,0.07353614,,,0.00496126,0.01012686,tbi,tbi,tbi,tbi,tbi,tbi,tbi,tbi,0.228851,0.06312309,0.0837579,0.07811132,,,0.00385896,,0.236283,0.06362608,0.0620294,0.10901667,,0.00023855,0.00111601,0.00025659,0.236362,0.06360548,0.06220548,0.10901672,,0.00023855,0.00115108,0.000145,151
60632,0.229498,,0.08204255,,,,0.04828535,0.09917033,tbi,tbi,tbi,tbi,tbi,tbi,tbi,tbi,0.166994,,0.07014432,,,0.00108252,0.0489797,0.04678749,0.125248,,0.05343483,,,,0.03817762,0.03363519,0.143203,,0.05767513,,,,0.0381776,0.04735048,152
60633,5.96145,,0.59575657,0.54215855,0.19507532,,3.2445224,1.38394085,tbi,tbi,tbi,tbi,tbi,tbi,tbi,tbi,6.01546,,0.06364971,0.80398687,0.90295276,,3.20011792,1.04474892,2.95215,,0.04731951,0.75500547,0.40957232,1.608e-05,1.06444918,0.6757877,3.21038,,0.04761771,1.30501658,0.41133831,1.608e-05,1.05144202,0.39495193,153
60634,1.93901,0.47587879,0.08066982,1.09992464,0.24244071,,0.03524374,0.00484791,tbi,tbi,tbi,tbi,tbi,tbi,tbi,tbi,1.92412,0.44664702,0.08655237,1.11829491,0.23508332,,0.03087301,0.00666676,1.84063,0.43558957,0.06973681,1.04996579,0.27965332,,0.00568396,,1.89266,0.43558981,0.06965591,1.04996517,0.27965338,,0.00569322,0.05210482,154
60636,0.234101,,0.19904968,,,,,0.03505136,tbi,tbi,tbi,tbi,tbi,tbi,tbi,tbi,0.208813,,0.14926925,,,0.03872415,,0.02081944,0.175266,,0.12935144,,,,,0.04591485,0.173394,,0.1370931,,,,,0.03630048,155
60637,1.92967,0.27555706,0.9140365,,,,0.72323545,0.01684131,tbi,tbi,tbi,tbi,tbi,tbi,tbi,tbi,1.70265,0.27142871,0.89770944,,3.069e-05,0.01205068,0.52143139,,1.30282,0.27741324,0.87406144,,0.03313955,,0.0569091,0.061298,1.31121,0.2774133,0.87918466,,0.03887224,,0.06120928,0.05452888,156
60638,0.707956,,0.1288848,,,,0.0181325,0.56093901,tbi,tbi,tbi,tbi,tbi,tbi,tbi,tbi,0.58042,,0.17705371,0.00030358,,0.00461815,0.04795817,0.35048679,0.156155,,0.14079147,,,,,0.01536383,0.185407,,0.14614125,,,,,0.03926613,157
60639,0.283646,,0.26846054,,,,,0.01518574,tbi,tbi,tbi,tbi,tbi,tbi,tbi,tbi,0.228067,,0.19147991,,,,,0.03658691,0.16317,,0.15169247,,,,,0.01147797,0.165202,,0.15273239,,,,,0.01246984,158
60640,0.560413,0.05774996,0.25293332,,,,0.24972982,,tbi,tbi,tbi,tbi,tbi,tbi,tbi,tbi,0.533273,0.05986945,0.24967587,,,,0.22372753,,0.301065,0.05620313,0.03389636,,,,,0.21096567,0.332531,0.0562076,0.27095825,,,,2.678e-05,0.00533794,159
60641,0.110001,,0.1099729,,,,,2.799e-05,tbi,tbi,tbi,tbi,tbi,tbi,tbi,tbi,0.111024,,0.1110243,,,,,,0.0948514,,0.09428302,,,,,0.00056841,0.0954178,,0.09524742,,,,,0.00017041,160
60642,0.106949,,0.02064439,,,,0.08037262,0.00593182,tbi,tbi,tbi,tbi,tbi,tbi,tbi,tbi,0.102757,,0.02558517,,,,0.07717179,,0.10814,,0.0140456,,,,0.07974356,0.01435116,0.111625,,0.0140456,,,,0.08447324,0.01310609,161
60643,0.430195,0.00050246,0.22702446,0.09656594,9e-08,,0.01286386,0.09323776,tbi,tbi,tbi,tbi,tbi,tbi,tbi,tbi,0.401172,0.00050254,0.23361012,0.09759441,9e-08,0.00238054,0.01205143,0.05503297,0.388609,,0.17752838,0.08963263,,0.00505764,0.01112515,0.10526539,0.452862,,0.21047255,0.08963263,,0.03899443,0.01115929,0.10260309,162
60644,0.296182,,0.26415685,,,,0.00818437,0.02384122,tbi,tbi,tbi,tbi,tbi,tbi,tbi,tbi,0.282665,,0.24714948,,,,0.00813853,0.02737686,0.249236,,0.08743434,,0.16164069,,,0.00016123,0.255565,,0.08743442,,0.16164088,,,0.00648948,163
60645,0.2787,3.528e-05,0.16026508,,0.08336361,,,0.03503583,tbi,tbi,tbi,tbi,tbi,tbi,tbi,tbi,0.26579,2.493e-05,0.18140514,,0.08435993,,,,0.238653,,0.21592076,,,0.02273242,,,0.238671,,0.21592074,,,0.02273242,,1.817e-05,164
60646,1.3207,0.01764325,0.03759512,1.1822453,0.08320357,,,1.609e-05,tbi,tbi,tbi,tbi,tbi,tbi,tbi,tbi,1.31777,0.01203802,0.08857566,0.92723046,0.28853448,,,0.00139167,1.12215,0.01242326,0.02940114,0.75567899,0.2777795,,0.03918767,0.00768281,1.12229,0.01242329,0.02940098,0.76482536,0.27777188,,0.03062091,0.00724521,165
60647,0.290719,,0.2454046,,,,0.03504762,0.01026638,tbi,tbi,tbi,tbi,tbi,tbi,tbi,tbi,0.292844,,0.14963915,,,0.10704877,0.03615564,,0.215894,,0.15541136,,,0.02987746,0.02149811,0.00910706,0.216276,,0.15551798,,,0.02987746,0.02225304,0.00862718,166
60649,1.65518,,0.46581858,,0.1814244,,1.00541494,0.00252229,tbi,tbi,tbi,tbi,tbi,tbi,tbi,tbi,1.43494,,0.38062101,,0.25217524,,0.80214022,,0.622102,,0.237757,,0.31334539,,0.02888367,0.04211548,0.61573,,0.24118231,,0.32301391,,0.03447723,0.01705653,167
60651,0.0615917,,0.04680596,,,,,0.01478573,tbi,tbi,tbi,tbi,tbi,tbi,tbi,tbi,0.0496797,,0.0496797,,,,,,0.0483203,,0.0483203,,,,,,0.0575499,,0.04832187,,,,,0.00922802,168
60652,0.328003,0.11326393,0.12314575,,0.04456536,,,0.04702822,tbi,tbi,tbi,tbi,tbi,tbi,tbi,tbi,0.23418,0.04365599,0.14411279,,0.04410502,,,0.00230624,0.349849,0.03913472,0.1204258,,0.03958815,,,0.15070079,0.288906,0.03913466,0.1204258,,0.03958842,,,0.08975691,169
60653,0.898587,,0.22961359,,,,0.66712059,0.00185232,tbi,tbi,tbi,tbi,tbi,tbi,tbi,tbi,0.727332,,0.27449373,,,0.02200643,0.43083183,,0.2483,,0.0525417,,,,,0.19575845,0.217185,,0.20283851,,,,,0.01434678,170
60654,0.0433521,,0.00317865,,,,0.04017345,,tbi,tbi,tbi,tbi,tbi,tbi,tbi,tbi,0.0504121,,0.00797357,,,,0.04243857,,0.046258,,0.0064895,,,,0.0375243,0.0022442,0.0474232,,0.0064895,,,,0.03833912,0.00259454,171
60655,1.23385,0.8727582,0.08509182,,0.16235407,,0.01891476,0.09472666,tbi,tbi,tbi,tbi,tbi,tbi,tbi,tbi,1.2038,0.93747332,0.08969125,,0.16215943,,0.01447931,,1.11621,0.88274348,0.07644771,,0.15701822,,,,1.11621,0.882745,0.07644788,,0.15701814,,,,172
60656,0.998303,0.02230443,0.03127427,0.89391377,,,0.03317811,0.01763215,tbi,tbi,tbi,tbi,tbi,tbi,tbi,tbi,0.983918,0.02125567,0.03470785,0.90442172,,,0.02353239,,0.973985,0.01839598,0.03211472,0.91521359,,,0.00733836,0.00092246,0.973616,0.01839598,0.03211471,0.91521475,,,0.00742241,0.00046811,173
60657,1.07011,,0.26537736,,0.0115556,,0.7879842,0.00519312,tbi,tbi,tbi,tbi,tbi,tbi,tbi,tbi,1.00101,,0.28473588,,0.01235088,,0.7039186,,0.313179,,0.08762336,,,,0.03789287,0.18766318,0.340917,,0.33433035,,,,0.00436182,0.00222496,174
60659,0.143594,0.04055084,0.0715458,0.00053451,,0.00522941,0.02102907,0.00470479,tbi,tbi,tbi,tbi,tbi,tbi,tbi,tbi,0.167186,0.04186963,0.10673086,0.00040201,,,0.01577243,0.00241104,0.163234,0.03640387,0.10501149,,,0.02134201,,0.0004762,0.168928,0.03640388,0.10501149,,,0.02613554,,0.00137705,175
60660,0.277465,0.00512847,0.05957933,,,,0.2127575,,tbi,tbi,tbi,tbi,tbi,tbi,tbi,tbi,0.270566,0.00488642,0.06668987,,,,0.19899008,,0.0583995,,0.02036786,,,,0.00016247,0.03786915,0.0625988,,0.04599733,,,,0.00053814,0.01606329,176
60661,0.00136631,,0.00136631,,,,,,tbi,tbi,tbi,tbi,tbi,tbi,tbi,tbi,,,,,,,,,0.00555535,,0.0028562,,,,,0.00269915,0.00330402,,0.00329502,,,,,9e-06,177
60706,0.40148,0.12883978,0.03121285,0.00086445,0.24043576,,,0.00012759,tbi,tbi,tbi,tbi,tbi,tbi,tbi,tbi,0.38742,0.12949385,0.03172277,0.00086455,0.22533903,,,,0.370444,0.12131498,0.0305233,,0.2183762,,,0.00022961,0.371491,0.12131501,0.03052335,,0.21837752,,,0.00127483,178
60707,0.184761,,0.0335242,0.00612238,0.13576776,,0.00544365,0.00390291,tbi,tbi,tbi,tbi,tbi,tbi,tbi,tbi,0.183636,0.00059755,0.03220547,0.00600708,0.13926722,,0.00555895,,0.165675,1.4e-07,0.02330213,0.00816548,0.13389347,,8.953e-05,0.00022383,0.165675,1.4e-07,0.02330214,0.00816545,0.13389347,,8.953e-05,0.00022383,179
60712,0.373709,0.00411231,0.0603323,,0.21524323,,0.0222907,0.07173097,tbi,tbi,tbi,tbi,tbi,tbi,tbi,tbi,0.366546,0.00454906,0.12896928,,0.21378213,,0.01779358,0.00145156,0.365642,0.00395107,0.05488062,,0.20920159,0.08154145,,0.01606777,0.365642,0.00395107,0.0548805,,0.20920159,0.08154146,,0.01606778,180
60714,1.35245,0.74669397,0.08153578,0.39633937,0.06455122,,0.00619283,0.05713877,tbi,tbi,tbi,tbi,tbi,tbi,tbi,tbi,1.36115,0.76276842,0.10045304,0.40303954,0.06460434,,0.00379565,0.02648676,1.2745,0.75108504,0.07435235,0.3746836,0.05457427,,0.01713937,0.00266228,1.27197,0.74780305,0.07435236,0.37682543,0.05514414,,0.01562372,0.00221707,181
60803,2.47393,1.05093079,0.25917663,,,,0.29032272,0.87350254,tbi,tbi,tbi,tbi,tbi,tbi,tbi,tbi,2.2455,1.04351558,0.20078128,0.12016227,0.00045157,,0.22414807,0.65644584,1.83806,1.01194286,0.16393003,0.24925936,3.962e-05,,0.06059424,0.35229053,1.83844,1.01195022,0.16393014,0.24925936,3.962e-05,,0.06059409,0.35266638,182
60804,0.43682,,0.07619082,,,,0.2031554,0.15747349,tbi,tbi,tbi,tbi,tbi,tbi,tbi,tbi,0.486358,,0.20087286,,,,0.15758028,0.12790518,0.546975,,0.22230577,,,,0.11297631,0.21169299,0.551323,,0.2242219,,,,0.11297627,0.21412524,183
60805,0.731456,0.49684755,0.04811535,,0.16343158,,,0.02306109,tbi,tbi,tbi,tbi,tbi,tbi,tbi,tbi,0.669678,0.4440867,0.0586872,,0.16036741,,0.00407831,0.0024582,0.624257,0.41837354,0.05957632,,0.13897617,,,0.00733078,0.560722,0.41837359,0.06413022,,0.07591579,,,0.00230218,184
60827,2.67618,0.14639701,0.15520177,0.93995538,0.23429143,0.0115754,0.57248052,0.6162798,tbi,tbi,tbi,tbi,tbi,tbi,tbi,tbi,2.52046,0.14582409,0.15991504,0.93066226,0.23005341,,0.59023732,0.46376931,2.10584,0.13561097,0.11147887,0.96483339,0.19393395,,0.34086075,0.3591232,2.11831,0.13561117,0.11517961,0.96505687,0.1939339,0.00029572,0.3594512,0.34877993,185
00002,12.6518,,,10.64169141,,0.04117453,1.16322865,0.80575354,tbi,tbi,tbi,tbi,tbi,tbi,tbi,tbi,12.6453,0.00188126,,11.20220052,0.00021737,0.17660395,1.15712316,0.10726028,12.4259,0.00157328,,11.78778117,6.94e-05,0.19290282,0.30213091,0.14147066,12.4259,0.00157328,,11.78761325,6.94e-05,0.19288302,0.30233818,0.14146678,2
